method,seed,status,valid,objective,makespan,schedule_end,late_orders,weighted_tardiness,setup_minutes,maintenance_count,idle_minutes,safety_shortfall,activated_shifts,productive_utilization,algorithm_seconds,bound,gap,artifacts
fifo,11,HEURISTIC_FEASIBLE,True,399675107117,12035,12035,5,26645,1182,23,29004,0,100,0.33983322642719693,0.17217459999938,,,fifo/results/20261003T113935114013Z/seed_11
edd,11,HEURISTIC_FEASIBLE,True,455475108523,12035,12035,6,30365,1170,23,29466,0,101,0.3365946632782719,0.16604370000004565,,,edd/results/20261003T113935114013Z/seed_11
spt,11,HEURISTIC_FEASIBLE,True,428445108347,12035,12035,5,28563,1164,22,29502,0,101,0.3365946632782719,0.16705179999917164,,,spt/results/20261003T113935114013Z/seed_11
simulated_annealing,11,HEURISTIC_FEASIBLE,True,2985105866,13680,13680,1,199,2084,23,26580,0,97,0.35286596119929453,116.09668630000033,,,simulated_annealing/results/20261003T113935114013Z/seed_11
simulated_annealing,29,HEURISTIC_FEASIBLE,True,62625100854,13352,13352,2,4175,2158,24,24760,0,93,0.3659554943794448,112.225281,,,simulated_annealing/results/20261003T113935114013Z/seed_29
simulated_annealing,47,HEURISTIC_FEASIBLE,True,109125107946,13994,13994,3,7275,2226,26,26614,0,100,0.36749946615417467,120.03964319999977,,,simulated_annealing/results/20261003T113935114013Z/seed_47
genetic_algorithm,11,HEURISTIC_FEASIBLE,True,44775103873,13475,13745,2,2985,1734,23,26384,0,97,0.3644826825501875,120.01287919999959,,,genetic_algorithm/results/20261003T113935114013Z/seed_11
genetic_algorithm,29,HEURISTIC_FEASIBLE,True,75585110836,13758,13758,2,5039,1880,25,28316,0,103,0.3580999792574155,113.3630518,,,genetic_algorithm/results/20261003T113935114013Z/seed_29
genetic_algorithm,47,HEURISTIC_FEASIBLE,True,65655103108,13095,13130,2,4377,1664,24,26457,0,96,0.3578044978846582,113.18707360000008,,,genetic_algorithm/results/20261003T113935114013Z/seed_47
cp_sat,11,UNKNOWN,False,,,,,,,,,,,,121.38750030000028,,,cp_sat/results/20261003T113935114013Z/seed_11
cp_sat,29,UNKNOWN,False,,,,,,,,,,,,120.10025940000014,,,cp_sat/results/20261003T113935114013Z/seed_29
cp_sat,47,UNKNOWN,False,,,,,,,,,,,,120.10787559999972,,,cp_sat/results/20261003T113935114013Z/seed_47
cp_sat_hint,11,FEASIBLE,True,399675107117,12035,12035,5,26645,1182,23,29004,0,100,0.33983322642719693,120.24115569999958,1646.0,0.999999995881655,cp_sat_hint/results/20261003T113935114013Z/seed_11
cp_sat_hint,29,FEASIBLE,True,399675107117,12035,12035,5,26645,1182,23,29004,0,100,0.33983322642719693,120.27163160000055,1931.0,0.9999999951685757,cp_sat_hint/results/20261003T113935114013Z/seed_29
cp_sat_hint,47,FEASIBLE,True,399675107117,12035,12035,5,26645,1182,23,29004,0,100,0.33983322642719693,120.3147456000006,1562.0,0.9999999960918257,cp_sat_hint/results/20261003T113935114013Z/seed_47
cp_lns,11,HEURISTIC_FEASIBLE,True,399675106788,12035,12480,5,26645,1216,24,28737,0,100,0.34417361556553344,120.0794893000002,,,cp_lns/results/20261003T113935114013Z/seed_11
cp_lns,29,HEURISTIC_FEASIBLE,True,399675105389,12035,12035,5,26645,1212,24,28316,0,99,0.34655433138906894,119.14504440000019,,,cp_lns/results/20261003T113935114013Z/seed_29
cp_lns,47,HEURISTIC_FEASIBLE,True,399675105429,12035,12035,5,26645,1212,24,28316,0,99,0.34655433138906894,120.17580160000034,,,cp_lns/results/20261003T113935114013Z/seed_47
