id,order,product,quantity,release
L001,O001,F_SILVER,84,360
L002,O001,F_SILVER,72,360
L003,O002,R_BLACK,96,360
L004,O003,R_SILVER,60,360
L005,O004,F_BLACK,60,360
L006,O004,F_BLACK,60,360
L007,O005,F_BLACK,96,360
L008,O006,F_SILVER,96,360
L009,O007,R_BLACK,60,1800
L010,O007,R_BLACK,84,1800
L011,O008,R_SILVER,72,1800
L012,O009,R_SILVER,84,1800
L013,O010,F_BLACK,60,1800
L014,O010,F_BLACK,60,1800
L015,O011,F_SILVER,72,1800
L016,O012,R_BLACK,60,1800
L017,O013,R_BLACK,84,3240
L018,O013,R_BLACK,84,3240
L019,O014,R_SILVER,96,3240
L020,O015,F_BLACK,60,3240
L021,O016,F_SILVER,72,3240
L022,O016,F_SILVER,72,3240
L023,O017,F_SILVER,96,3240
L024,O018,R_BLACK,72,3240
L025,O019,R_SILVER,96,4680
L026,O019,R_SILVER,72,4680
L027,O020,F_BLACK,84,4680
L028,O021,F_BLACK,96,4680
L029,O022,F_SILVER,60,4680
L030,O022,F_SILVER,60,4680
L031,O023,R_BLACK,60,4680
L032,O024,R_SILVER,72,4680
L033,O025,R_SILVER,84,6120
L034,O025,R_SILVER,96,6120
L035,O026,F_BLACK,72,6120
L036,O027,F_SILVER,60,6120
L037,O028,R_BLACK,60,6120
L038,O028,R_BLACK,72,6120
L039,O029,R_BLACK,72,6120
L040,O030,R_SILVER,84,6120
L041,O031,F_BLACK,96,10440
L042,O031,F_BLACK,96,10440
L043,O032,F_SILVER,60,10440
L044,O033,F_SILVER,60,10440
L045,O034,R_BLACK,60,10440
L046,O034,R_BLACK,60,10440
L047,O035,R_SILVER,84,10440
L048,O036,F_BLACK,60,10440
