id,product,release,due,priority,urgent,quantity,initial_allocated,lot_allocations
O001,F_SILVER,360,2760,2,False,164,12,"{""L001"": 84, ""L002"": 68}"
O002,R_BLACK,360,4200,2,False,104,12,"{""L003"": 92}"
O003,R_SILVER,360,4200,1,False,68,12,"{""L004"": 56}"
O004,F_BLACK,360,4200,1,False,128,12,"{""L005"": 60, ""L006"": 56}"
O005,F_BLACK,360,2760,1,False,92,0,"{""L007"": 92}"
O006,F_SILVER,360,2760,2,False,92,0,"{""L008"": 92}"
O007,R_BLACK,1800,4200,2,False,140,0,"{""L009"": 60, ""L010"": 80}"
O008,R_SILVER,1800,2280,4,True,68,0,"{""L011"": 68}"
O009,R_SILVER,1800,4200,1,False,80,0,"{""L012"": 80}"
O010,F_BLACK,1800,4200,1,False,116,0,"{""L013"": 60, ""L014"": 56}"
O011,F_SILVER,1800,4200,1,False,68,0,"{""L015"": 68}"
O012,R_BLACK,1800,4200,2,False,56,0,"{""L016"": 56}"
O013,R_BLACK,3240,7080,1,False,164,0,"{""L017"": 84, ""L018"": 80}"
O014,R_SILVER,3240,7080,2,False,92,0,"{""L019"": 92}"
O015,F_BLACK,3240,5640,1,False,56,0,"{""L020"": 56}"
O016,F_SILVER,3240,5640,1,False,140,0,"{""L021"": 72, ""L022"": 68}"
O017,F_SILVER,3240,3720,4,True,92,0,"{""L023"": 92}"
O018,R_BLACK,3240,5640,2,False,68,0,"{""L024"": 68}"
O019,R_SILVER,4680,11400,2,False,164,0,"{""L025"": 96, ""L026"": 68}"
O020,F_BLACK,4680,7080,1,False,80,0,"{""L027"": 80}"
O021,F_BLACK,4680,7080,1,False,92,0,"{""L028"": 92}"
O022,F_SILVER,4680,7080,2,False,116,0,"{""L029"": 60, ""L030"": 56}"
O023,R_BLACK,4680,11400,1,False,56,0,"{""L031"": 56}"
O024,R_SILVER,4680,7080,1,False,68,0,"{""L032"": 68}"
O025,R_SILVER,6120,11400,1,False,176,0,"{""L033"": 84, ""L034"": 92}"
O026,F_BLACK,6120,6600,4,True,68,0,"{""L035"": 68}"
O027,F_SILVER,6120,11400,2,False,56,0,"{""L036"": 56}"
O028,R_BLACK,6120,12840,1,False,128,0,"{""L037"": 60, ""L038"": 68}"
O029,R_BLACK,6120,12840,2,False,68,0,"{""L039"": 68}"
O030,R_SILVER,6120,11400,2,False,80,0,"{""L040"": 80}"
O031,F_BLACK,10440,14280,1,False,188,0,"{""L041"": 96, ""L042"": 92}"
O032,F_SILVER,10440,10920,4,True,56,0,"{""L043"": 56}"
O033,F_SILVER,10440,14280,2,False,56,0,"{""L044"": 56}"
O034,R_BLACK,10440,14280,2,False,116,0,"{""L045"": 60, ""L046"": 56}"
O035,R_SILVER,10440,14280,1,False,80,0,"{""L047"": 80}"
O036,F_BLACK,10440,12840,2,False,56,0,"{""L048"": 56}"
