time,product,inventory,shortfall
1440,F_SILVER,14,16
1440,F_BLACK,18,12
1440,R_SILVER,18,12
1440,R_BLACK,18,12
2880,F_SILVER,18,12
2880,F_BLACK,18,12
2880,R_SILVER,14,16
2880,R_BLACK,70,0
4320,F_SILVER,26,4
4320,F_BLACK,18,12
4320,R_SILVER,18,12
4320,R_BLACK,18,12
5760,F_SILVER,30,0
5760,F_BLACK,26,4
5760,R_SILVER,26,4
5760,R_BLACK,106,0
7200,F_SILVER,30,0
7200,F_BLACK,34,0
7200,R_SILVER,30,0
7200,R_BLACK,34,0
8640,F_SILVER,30,0
8640,F_BLACK,34,0
8640,R_SILVER,30,0
8640,R_BLACK,34,0
10080,F_SILVER,30,0
10080,F_BLACK,34,0
10080,R_SILVER,30,0
10080,R_BLACK,34,0
11520,F_SILVER,38,0
11520,F_BLACK,38,0
11520,R_SILVER,130,0
11520,R_BLACK,38,0
12960,F_SILVER,42,0
12960,F_BLACK,42,0
12960,R_SILVER,42,0
12960,R_BLACK,42,0
14400,F_SILVER,42,0
14400,F_BLACK,42,0
14400,R_SILVER,42,0
14400,R_BLACK,42,0
15840,F_SILVER,42,0
15840,F_BLACK,42,0
15840,R_SILVER,42,0
15840,R_BLACK,42,0
17280,F_SILVER,42,0
17280,F_BLACK,42,0
17280,R_SILVER,42,0
17280,R_BLACK,42,0
18720,F_SILVER,42,0
18720,F_BLACK,42,0
18720,R_SILVER,42,0
18720,R_BLACK,42,0
20160,F_SILVER,42,0
20160,F_BLACK,42,0
20160,R_SILVER,42,0
20160,R_BLACK,42,0
