machine,shift,available,processing,setup,maintenance,idle,utilization
CAST_1,D01_S1,480,222,120,0,138,0.4625
CAST_2,D01_S1,480,328,90,30,32,0.6833333333333333
CAST_2,D03_S1,480,246,60,60,114,0.5125
CNC_1,D01_S1,480,148,10,0,322,0.30833333333333335
CNC_1,D01_S2,450,148,0,0,302,0.3288888888888889
CNC_1,D01_S3,480,296,0,0,184,0.6166666666666667
CNC_1,D02_S1,480,148,18,0,314,0.30833333333333335
CNC_2,D02_S1,480,336,10,0,134,0.7
CNC_2,D03_S2,450,168,18,0,264,0.37333333333333335
PAINT_1,D01_S2,450,40,10,0,400,0.08888888888888889
PAINT_1,D01_S3,480,80,12,0,388,0.16666666666666666
PAINT_1,D02_S1,480,80,36,0,364,0.16666666666666666
PAINT_1,D03_S3,480,40,24,0,416,0.08333333333333333
QC_1,D01_S3,480,70,10,0,400,0.14583333333333334
QC_1,D02_S2,450,105,12,0,333,0.23333333333333334
QC_1,D03_S3,480,35,4,0,441,0.07291666666666667
