scenario,lot,kind,product,quantity,stage,machine,shift,start_shift,end_shift,block_start,setup_minutes,processing_start,processing_minutes,end
low_holding_cost,REQ_1,required,WHEEL,40,cast,CAST_1,SHIFT_1,SHIFT_1,SHIFT_1,0,10,10,60,70
low_holding_cost,REQ_3,required,WHEEL,40,cast,CAST_1,SHIFT_1,SHIFT_1,SHIFT_1,70,10,80,60,140
low_holding_cost,REQ_1,required,WHEEL,40,cnc,CNC_1,SHIFT_1,SHIFT_1,SHIFT_1,70,10,80,75,155
low_holding_cost,REQ_2,required,WHEEL,40,cast,CAST_1,SHIFT_1,SHIFT_1,SHIFT_1,140,10,150,70,220
low_holding_cost,REQ_3,required,WHEEL,40,cnc,CNC_1,SHIFT_1,SHIFT_1,SHIFT_1,155,10,165,75,240
low_holding_cost,REQ_1,required,WHEEL,40,paint,PAINT_1,SHIFT_1,SHIFT_1,SHIFT_1,155,10,165,45,210
low_holding_cost,REQ_1,required,WHEEL,40,qc,QC_1,SHIFT_1,SHIFT_1,SHIFT_1,210,5,215,25,240
low_holding_cost,REQ_5,required,WHEEL,40,cast,CAST_1,SHIFT_1,SHIFT_1,SHIFT_1,270,10,280,60,340
low_holding_cost,REQ_2,required,WHEEL,40,cnc,CNC_1,SHIFT_1,SHIFT_1,SHIFT_1,270,10,280,65,345
low_holding_cost,REQ_3,required,WHEEL,40,paint,PAINT_1,SHIFT_1,SHIFT_1,SHIFT_1,270,10,280,45,325
low_holding_cost,REQ_3,required,WHEEL,40,qc,QC_1,SHIFT_1,SHIFT_1,SHIFT_1,325,5,330,25,355
low_holding_cost,REQ_4,required,WHEEL,40,cast,CAST_1,SHIFT_1,SHIFT_1,SHIFT_1,340,10,350,70,420
low_holding_cost,REQ_5,required,WHEEL,40,cnc,CNC_1,SHIFT_1,SHIFT_1,SHIFT_1,345,10,355,75,430
low_holding_cost,REQ_2,required,WHEEL,40,paint,PAINT_1,SHIFT_1,SHIFT_1,SHIFT_1,345,10,355,40,395
low_holding_cost,REQ_2,required,WHEEL,40,qc,QC_1,SHIFT_1,SHIFT_1,SHIFT_1,395,5,400,25,425
low_holding_cost,REQ_6,required,WHEEL,40,cast,CAST_1,SHIFT_1,SHIFT_1,SHIFT_2,420,10,430,70,500
low_holding_cost,REQ_4,required,WHEEL,40,cnc,CNC_1,SHIFT_1,SHIFT_1,SHIFT_2,430,10,440,65,505
low_holding_cost,REQ_5,required,WHEEL,40,paint,PAINT_1,SHIFT_1,SHIFT_1,SHIFT_2,430,10,440,45,485
low_holding_cost,REQ_5,required,WHEEL,40,qc,QC_1,SHIFT_2,SHIFT_2,SHIFT_2,485,5,490,25,515
low_holding_cost,STOCK_3,optional_stock,WHEEL,40,cast,CAST_1,SHIFT_2,SHIFT_2,SHIFT_2,500,10,510,50,560
low_holding_cost,REQ_6,required,WHEEL,40,cnc,CNC_1,SHIFT_2,SHIFT_2,SHIFT_2,505,10,515,65,580
low_holding_cost,REQ_4,required,WHEEL,40,paint,PAINT_1,SHIFT_2,SHIFT_2,SHIFT_2,505,10,515,40,555
low_holding_cost,REQ_4,required,WHEEL,40,qc,QC_1,SHIFT_2,SHIFT_2,SHIFT_2,555,5,560,25,585
low_holding_cost,STOCK_1,optional_stock,WHEEL,40,cast,CAST_1,SHIFT_2,SHIFT_2,SHIFT_2,560,10,570,50,620
low_holding_cost,STOCK_3,optional_stock,WHEEL,40,cnc,CNC_1,SHIFT_2,SHIFT_2,SHIFT_2,580,10,590,60,650
low_holding_cost,REQ_6,required,WHEEL,40,paint,PAINT_1,SHIFT_2,SHIFT_2,SHIFT_2,580,10,590,40,630
low_holding_cost,REQ_6,required,WHEEL,40,qc,QC_1,SHIFT_2,SHIFT_2,SHIFT_2,630,5,635,25,660
low_holding_cost,STOCK_1,optional_stock,WHEEL,40,cnc,CNC_1,SHIFT_2,SHIFT_2,SHIFT_2,650,10,660,60,720
low_holding_cost,STOCK_3,optional_stock,WHEEL,40,paint,PAINT_1,SHIFT_2,SHIFT_2,SHIFT_2,650,10,660,35,695
low_holding_cost,STOCK_1,optional_stock,WHEEL,40,paint,PAINT_1,SHIFT_2,SHIFT_2,SHIFT_2,750,10,760,35,795
low_holding_cost,STOCK_3,optional_stock,WHEEL,40,qc,QC_1,SHIFT_2,SHIFT_2,SHIFT_2,751,5,756,20,776
low_holding_cost,STOCK_1,optional_stock,WHEEL,40,qc,QC_1,SHIFT_2,SHIFT_2,SHIFT_2,795,5,800,20,820
high_holding_cost,REQ_3,required,WHEEL,40,cast,CAST_1,SHIFT_1,SHIFT_1,SHIFT_1,0,10,10,60,70
high_holding_cost,REQ_1,required,WHEEL,40,cast,CAST_1,SHIFT_1,SHIFT_1,SHIFT_1,70,10,80,60,140
high_holding_cost,REQ_3,required,WHEEL,40,cnc,CNC_1,SHIFT_1,SHIFT_1,SHIFT_1,70,10,80,75,155
high_holding_cost,REQ_2,required,WHEEL,40,cast,CAST_1,SHIFT_1,SHIFT_1,SHIFT_1,140,10,150,70,220
high_holding_cost,REQ_1,required,WHEEL,40,cnc,CNC_1,SHIFT_1,SHIFT_1,SHIFT_1,155,10,165,75,240
high_holding_cost,REQ_3,required,WHEEL,40,paint,PAINT_1,SHIFT_1,SHIFT_1,SHIFT_1,155,10,165,45,210
high_holding_cost,REQ_3,required,WHEEL,40,qc,QC_1,SHIFT_1,SHIFT_1,SHIFT_1,210,5,215,25,240
high_holding_cost,REQ_5,required,WHEEL,40,cast,CAST_1,SHIFT_1,SHIFT_1,SHIFT_1,270,10,280,60,340
high_holding_cost,REQ_2,required,WHEEL,40,cnc,CNC_1,SHIFT_1,SHIFT_1,SHIFT_1,270,10,280,65,345
high_holding_cost,REQ_1,required,WHEEL,40,paint,PAINT_1,SHIFT_1,SHIFT_1,SHIFT_1,270,10,280,45,325
high_holding_cost,REQ_1,required,WHEEL,40,qc,QC_1,SHIFT_1,SHIFT_1,SHIFT_1,325,5,330,25,355
high_holding_cost,REQ_6,required,WHEEL,40,cast,CAST_1,SHIFT_1,SHIFT_1,SHIFT_1,340,10,350,70,420
high_holding_cost,REQ_5,required,WHEEL,40,cnc,CNC_1,SHIFT_1,SHIFT_1,SHIFT_1,345,10,355,75,430
high_holding_cost,REQ_2,required,WHEEL,40,paint,PAINT_1,SHIFT_1,SHIFT_1,SHIFT_1,345,10,355,40,395
high_holding_cost,REQ_2,required,WHEEL,40,qc,QC_1,SHIFT_1,SHIFT_1,SHIFT_1,395,5,400,25,425
high_holding_cost,REQ_4,required,WHEEL,40,cast,CAST_1,SHIFT_1,SHIFT_1,SHIFT_2,420,10,430,70,500
high_holding_cost,REQ_6,required,WHEEL,40,cnc,CNC_1,SHIFT_1,SHIFT_1,SHIFT_2,430,10,440,65,505
high_holding_cost,REQ_5,required,WHEEL,40,paint,PAINT_1,SHIFT_1,SHIFT_1,SHIFT_2,430,10,440,45,485
high_holding_cost,REQ_5,required,WHEEL,40,qc,QC_1,SHIFT_2,SHIFT_2,SHIFT_2,485,5,490,25,515
high_holding_cost,REQ_4,required,WHEEL,40,cnc,CNC_1,SHIFT_2,SHIFT_2,SHIFT_2,505,10,515,65,580
high_holding_cost,REQ_6,required,WHEEL,40,paint,PAINT_1,SHIFT_2,SHIFT_2,SHIFT_2,505,10,515,40,555
high_holding_cost,REQ_6,required,WHEEL,40,qc,QC_1,SHIFT_2,SHIFT_2,SHIFT_2,555,5,560,25,585
high_holding_cost,REQ_4,required,WHEEL,40,paint,PAINT_1,SHIFT_2,SHIFT_2,SHIFT_2,580,10,590,40,630
high_holding_cost,REQ_4,required,WHEEL,40,qc,QC_1,SHIFT_2,SHIFT_2,SHIFT_2,630,5,635,25,660
