time,product,inventory,shortfall,surplus
1440,F_SILVER,60,0,36
1440,F_BLACK,12,0,0
1440,R_SILVER,30,0,12
1440,R_BLACK,12,0,0
2880,F_SILVER,104,0,80
2880,F_BLACK,32,0,20
2880,R_SILVER,50,0,32
2880,R_BLACK,12,0,0
4320,F_SILVER,60,0,36
4320,F_BLACK,52,0,40
4320,R_SILVER,70,0,52
4320,R_BLACK,32,0,20
5760,F_SILVER,80,0,56
5760,F_BLACK,32,0,20
5760,R_SILVER,66,0,48
5760,R_BLACK,28,0,16
7200,F_SILVER,100,0,76
7200,F_BLACK,28,0,16
7200,R_SILVER,34,0,16
7200,R_BLACK,16,0,4
8640,F_SILVER,160,0,136
8640,F_BLACK,28,0,16
8640,R_SILVER,94,0,76
8640,R_BLACK,16,0,4
10080,F_SILVER,160,0,136
10080,F_BLACK,28,0,16
10080,R_SILVER,94,0,76
10080,R_BLACK,16,0,4
11520,F_SILVER,28,0,4
11520,F_BLACK,12,0,0
11520,R_SILVER,30,0,12
11520,R_BLACK,20,0,8
12960,F_SILVER,28,0,4
12960,F_BLACK,12,0,0
12960,R_SILVER,30,0,12
12960,R_BLACK,20,0,8
14400,F_SILVER,28,0,4
14400,F_BLACK,12,0,0
14400,R_SILVER,30,0,12
14400,R_BLACK,20,0,8
15840,F_SILVER,28,0,4
15840,F_BLACK,12,0,0
15840,R_SILVER,30,0,12
15840,R_BLACK,20,0,8
17280,F_SILVER,28,0,4
17280,F_BLACK,12,0,0
17280,R_SILVER,30,0,12
17280,R_BLACK,20,0,8
18720,F_SILVER,28,0,4
18720,F_BLACK,12,0,0
18720,R_SILVER,30,0,12
18720,R_BLACK,20,0,8
20160,F_SILVER,28,0,4
20160,F_BLACK,12,0,0
20160,R_SILVER,30,0,12
20160,R_BLACK,20,0,8
