run,stage,item,machine,block_start,start,end,setup_minutes,maintenance_minutes,mold,cycles_after,window,shift
F_CAST-01,cast,F_CAST,CAST_1,0,60,134,60,0,MOLD_F1,48,0,D01_S1
F_CAST-02,cast,F_CAST,CAST_2,0,60,142,60,0,MOLD_F2,16,0,D01_S1
F_MACH-01,machining,F_MACH,CNC_1,0,10,158,10,0,,0,0,D01_S1
F_MACH-02,machining,F_MACH,CNC_2,0,10,178,10,0,,0,0,D01_S1
R_CAST-01,cast,R_CAST,CAST_1,134,194,268,60,0,MOLD_R1,24,0,D01_S1
F_CAST-03,cast,F_CAST,CAST_2,142,142,224,0,0,MOLD_F2,32,0,D01_S1
F_HEAT-01,heat,F_HEAT,HT_1,144,144,624,0,0,,0,0,
F_HEAT-02,heat,F_HEAT,HT_2,152,152,632,0,0,,0,0,
R_MACH-01,machining,R_MACH,CNC_1,158,176,324,18,0,,0,0,D01_S1
F_SILVER_PAINT-01,paint,F_SILVER_PAINT,PAINT_1,168,178,218,10,0,,0,0,D01_S1
F_SILVER_PAINT-02,paint,F_SILVER_PAINT,PAINT_1,218,218,258,0,0,,0,0,D01_S1
F_CAST-04,cast,F_CAST,CAST_2,224,224,306,0,0,MOLD_F2,48,0,D01_S1
F_CAST-05,cast,F_CAST,CAST_1,268,328,402,30,30,MOLD_F1,16,0,D01_S1
F_CAST-06,cast,F_CAST,CAST_2,306,366,448,30,30,MOLD_F2,16,0,D01_S1
R_BLACK_PAINT-01,paint,R_BLACK_PAINT,PAINT_1,334,346,386,12,0,,0,0,D01_S1
L001,qc,F_SILVER,QC_1,338,348,383,10,0,,0,0,D01_S1
L002,qc,F_SILVER,QC_1,383,383,418,0,0,,0,0,D01_S1
F_CAST-07,cast,F_CAST,CAST_1,402,402,476,0,0,MOLD_F1,32,0,D01_S1
F_CAST-08,cast,F_CAST,CAST_1,480,480,554,0,0,MOLD_F1,48,1,D01_S2
F_CAST-09,cast,F_CAST,CAST_2,480,480,562,0,0,MOLD_F2,32,1,D01_S2
L040,qc,R_BLACK,QC_1,506,510,545,4,0,,0,1,D01_S2
R_CAST-02,cast,R_CAST,CAST_1,554,614,688,60,0,MOLD_R1,40,1,D01_S2
F_CAST-10,cast,F_CAST,CAST_2,562,562,644,0,0,MOLD_F2,48,1,D01_S2
F_HEAT-03,heat,F_HEAT,HT_1,624,624,1104,0,0,,0,0,
F_HEAT-04,heat,F_HEAT,HT_2,632,632,1112,0,0,,0,0,
F_CAST-11,cast,F_CAST,CAST_1,750,810,884,30,30,MOLD_F1,16,2,D01_S2
F_CAST-12,cast,F_CAST,CAST_2,750,810,892,30,30,MOLD_F2,16,2,D01_S2
F_MACH-03,machining,F_MACH,CNC_1,750,768,916,18,0,,0,2,D01_S2
F_MACH-04,machining,F_MACH,CNC_2,750,750,918,0,0,,0,2,D01_S2
F_CAST-13,cast,F_CAST,CAST_1,884,884,958,0,0,MOLD_F1,32,2,D01_S2
F_SILVER_PAINT-03,paint,F_SILVER_PAINT,PAINT_1,960,984,1024,24,0,,0,3,D01_S3
F_CAST-14,cast,F_CAST,CAST_1,960,960,1034,0,0,MOLD_F1,48,3,D01_S3
F_CAST-15,cast,F_CAST,CAST_2,960,960,1042,0,0,MOLD_F2,32,3,D01_S3
R_CAST-03,cast,R_CAST,CAST_1,1034,1094,1168,30,30,MOLD_R1,16,3,D01_S3
F_CAST-16,cast,F_CAST,CAST_2,1042,1042,1124,0,0,MOLD_F2,48,3,D01_S3
F_HEAT-05,heat,F_HEAT,HT_1,1104,1104,1584,0,0,,0,0,
F_HEAT-06,heat,F_HEAT,HT_2,1112,1112,1592,0,0,,0,0,
F_MACH-05,machining,F_MACH,CNC_1,1114,1114,1262,0,0,,0,3,D01_S3
F_MACH-06,machining,F_MACH,CNC_2,1114,1114,1282,0,0,,0,3,D01_S3
F_CAST-17,cast,F_CAST,CAST_2,1124,1184,1266,30,30,MOLD_F1,16,3,D01_S3
L003,qc,F_SILVER,QC_1,1144,1148,1183,4,0,,0,3,D01_S3
F_CAST-18,cast,F_CAST,CAST_1,1168,1228,1302,30,30,MOLD_F2,16,3,D01_S3
L004,qc,F_SILVER,QC_1,1183,1183,1218,0,0,,0,3,D01_S3
F_MACH-07,machining,F_MACH,CNC_1,1262,1262,1410,0,0,,0,3,D01_S3
F_CAST-19,cast,F_CAST,CAST_2,1266,1266,1348,0,0,MOLD_F1,32,3,D01_S3
F_SILVER_PAINT-04,paint,F_SILVER_PAINT,PAINT_1,1272,1272,1312,0,0,,0,3,D01_S3
F_CAST-20,cast,F_CAST,CAST_1,1302,1302,1376,0,0,MOLD_F2,32,3,D01_S3
F_SILVER_PAINT-05,paint,F_SILVER_PAINT,PAINT_1,1312,1312,1352,0,0,,0,3,D01_S3
F_CAST-21,cast,F_CAST,CAST_2,1348,1348,1430,0,0,MOLD_F1,48,3,D01_S3
L005,qc,F_SILVER,QC_1,1440,1440,1475,0,0,,0,4,D02_S1
F_SILVER_PAINT-06,paint,F_SILVER_PAINT,PAINT_1,1440,1440,1480,0,0,,0,4,D02_S1
F_CAST-22,cast,F_CAST,CAST_1,1440,1440,1514,0,0,MOLD_F2,48,4,D02_S1
F_CAST-23,cast,F_CAST,CAST_2,1440,1500,1582,30,30,MOLD_F1,16,4,D02_S1
L006,qc,F_SILVER,QC_1,1475,1475,1510,0,0,,0,4,D02_S1
F_CAST-24,cast,F_CAST,CAST_1,1514,1574,1648,30,30,MOLD_F2,16,4,D02_S1
F_CAST-25,cast,F_CAST,CAST_2,1582,1582,1664,0,0,MOLD_F1,32,4,D02_S1
F_HEAT-07,heat,F_HEAT,HT_1,1584,1584,2064,0,0,,0,0,
F_HEAT-08,heat,F_HEAT,HT_2,1592,1592,2072,0,0,,0,0,
F_MACH-08,machining,F_MACH,CNC_1,1594,1594,1742,0,0,,0,4,D02_S1
L007,qc,F_SILVER,QC_1,1600,1600,1635,0,0,,0,4,D02_S1
F_MACH-09,machining,F_MACH,CNC_2,1602,1602,1770,0,0,,0,4,D02_S1
F_CAST-26,cast,F_CAST,CAST_1,1648,1648,1722,0,0,MOLD_F2,32,4,D02_S1
F_CAST-27,cast,F_CAST,CAST_2,1664,1664,1746,0,0,MOLD_F1,48,4,D02_S1
F_CAST-28,cast,F_CAST,CAST_1,1722,1722,1796,0,0,MOLD_F2,48,4,D02_S1
F_CAST-29,cast,F_CAST,CAST_2,1746,1806,1888,30,30,MOLD_F1,16,4,D02_S1
F_SILVER_PAINT-07,paint,F_SILVER_PAINT,PAINT_1,1780,1780,1820,0,0,,0,4,D02_S1
R_CAST-04,cast,R_CAST,CAST_1,1920,1980,2054,60,0,MOLD_R1,32,5,D02_S2
F_CAST-30,cast,F_CAST,CAST_2,1920,1920,2002,0,0,MOLD_F1,32,5,D02_S2
L008,qc,F_SILVER,QC_1,1940,1940,1975,0,0,,0,5,D02_S2
L009,qc,F_SILVER,QC_1,1975,1975,2010,0,0,,0,5,D02_S2
F_CAST-31,cast,F_CAST,CAST_2,2002,2002,2084,0,0,MOLD_F1,48,5,D02_S2
F_HEAT-09,heat,F_HEAT,HT_1,2064,2064,2544,0,0,,0,0,
F_HEAT-10,heat,F_HEAT,HT_2,2072,2072,2552,0,0,,0,0,
R_CAST-05,cast,R_CAST,CAST_1,2190,2250,2324,30,30,MOLD_R1,16,6,D02_S2
R_CAST-06,cast,R_CAST,CAST_2,2190,2250,2332,30,30,MOLD_R2,16,6,D02_S2
F_MACH-10,machining,F_MACH,CNC_1,2190,2190,2338,0,0,,0,6,D02_S2
F_MACH-11,machining,F_MACH,CNC_2,2190,2190,2358,0,0,,0,6,D02_S2
R_CAST-07,cast,R_CAST,CAST_1,2324,2324,2398,0,0,MOLD_R1,32,6,D02_S2
F_SILVER_PAINT-08,paint,F_SILVER_PAINT,PAINT_1,2348,2348,2388,0,0,,0,6,D02_S2
F_SILVER_PAINT-09,paint,F_SILVER_PAINT,PAINT_1,2400,2400,2440,0,0,,0,7,D02_S3
R_CAST-08,cast,R_CAST,CAST_2,2400,2400,2482,0,0,MOLD_R2,32,7,D02_S3
R_CAST-09,cast,R_CAST,CAST_1,2400,2460,2534,30,30,MOLD_R1,16,7,D02_S3
F_MACH-12,machining,F_MACH,CNC_1,2400,2400,2548,0,0,,0,7,D02_S3
L010,qc,F_SILVER,QC_1,2508,2508,2543,0,0,,0,7,D02_S3
R_CAST-10,cast,R_CAST,CAST_1,2534,2534,2608,0,0,MOLD_R1,32,7,D02_S3
R_CAST-11,cast,R_CAST,CAST_2,2482,2542,2624,30,30,MOLD_R2,16,7,D02_S3
F_HEAT-11,heat,F_HEAT,HT_1,2544,2544,3024,0,0,,0,0,
F_HEAT-12,heat,F_HEAT,HT_2,2552,2552,3032,0,0,,0,0,
F_MACH-13,machining,F_MACH,CNC_1,2554,2554,2702,0,0,,0,7,D02_S3
F_SILVER_PAINT-10,paint,F_SILVER_PAINT,PAINT_1,2558,2558,2598,0,0,,0,7,D02_S3
L011,qc,F_SILVER,QC_1,2560,2560,2595,0,0,,0,7,D02_S3
F_MACH-14,machining,F_MACH,CNC_2,2562,2562,2730,0,0,,0,7,D02_S3
R_CAST-12,cast,R_CAST,CAST_2,2624,2624,2706,0,0,MOLD_R2,32,7,D02_S3
R_CAST-13,cast,R_CAST,CAST_1,2608,2668,2742,30,30,MOLD_R1,16,7,D02_S3
L012,qc,F_SILVER,QC_1,2718,2718,2753,0,0,,0,7,D02_S3
F_SILVER_PAINT-11,paint,F_SILVER_PAINT,PAINT_1,2740,2740,2780,0,0,,0,7,D02_S3
R_CAST-14,cast,R_CAST,CAST_1,2742,2742,2816,0,0,MOLD_R1,32,7,D02_S3
R_CAST-15,cast,R_CAST,CAST_2,2706,2766,2848,30,30,MOLD_R2,16,7,D02_S3
R_CAST-16,cast,R_CAST,CAST_2,2880,2880,2962,0,0,MOLD_R2,32,8,D03_S1
R_CAST-17,cast,R_CAST,CAST_1,2880,2940,3014,30,30,MOLD_R1,16,8,D03_S1
L013,qc,F_SILVER,QC_1,2900,2900,2935,0,0,,0,8,D03_S1
L014,qc,F_SILVER,QC_1,2935,2935,2970,0,0,,0,8,D03_S1
R_CAST-18,cast,R_CAST,CAST_1,3014,3014,3088,0,0,MOLD_R1,32,8,D03_S1
R_CAST-19,cast,R_CAST,CAST_2,2962,3022,3104,30,30,MOLD_R2,16,8,D03_S1
F_HEAT-13,heat,F_HEAT,HT_1,3024,3024,3504,0,0,,0,0,
F_HEAT-14,heat,F_HEAT,HT_2,3032,3032,3512,0,0,,0,0,
F_MACH-15,machining,F_MACH,CNC_1,3034,3034,3182,0,0,,0,8,D03_S1
F_MACH-16,machining,F_MACH,CNC_2,3042,3042,3210,0,0,,0,8,D03_S1
R_CAST-20,cast,R_CAST,CAST_2,3104,3104,3186,0,0,MOLD_R2,32,8,D03_S1
R_CAST-21,cast,R_CAST,CAST_1,3088,3148,3222,30,30,MOLD_R1,16,8,D03_S1
F_SILVER_PAINT-12,paint,F_SILVER_PAINT,PAINT_1,3192,3192,3232,0,0,,0,8,D03_S1
R_CAST-22,cast,R_CAST,CAST_1,3222,3222,3296,0,0,MOLD_R1,32,8,D03_S1
R_CAST-23,cast,R_CAST,CAST_2,3186,3246,3328,30,30,MOLD_R2,16,8,D03_S1
F_SILVER_PAINT-13,paint,F_SILVER_PAINT,PAINT_1,3232,3232,3272,0,0,,0,8,D03_S1
L015,qc,F_SILVER,QC_1,3360,3360,3395,0,0,,0,9,D03_S2
R_CAST-24,cast,R_CAST,CAST_2,3360,3360,3442,0,0,MOLD_R2,32,9,D03_S2
R_CAST-25,cast,R_CAST,CAST_1,3360,3420,3494,30,30,MOLD_R1,16,9,D03_S2
L016,qc,F_SILVER,QC_1,3395,3395,3430,0,0,,0,9,D03_S2
R_CAST-26,cast,R_CAST,CAST_1,3494,3494,3568,0,0,MOLD_R1,32,9,D03_S2
R_CAST-27,cast,R_CAST,CAST_2,3442,3502,3584,30,30,MOLD_R2,16,9,D03_S2
F_HEAT-15,heat,F_HEAT,HT_1,3504,3504,3984,0,0,,0,0,
F_HEAT-16,heat,F_HEAT,HT_2,3512,3512,3992,0,0,,0,0,
R_CAST-28,cast,R_CAST,CAST_2,3630,3630,3712,0,0,MOLD_R2,32,10,D03_S2
F_MACH-17,machining,F_MACH,CNC_1,3630,3630,3778,0,0,,0,10,D03_S2
F_MACH-18,machining,F_MACH,CNC_2,3630,3630,3798,0,0,,0,10,D03_S2
F_SILVER_PAINT-14,paint,F_SILVER_PAINT,PAINT_1,3788,3788,3828,0,0,,0,10,D03_S2
F_MACH-19,machining,F_MACH,CNC_1,3840,3840,3988,0,0,,0,11,D03_S3
L017,qc,F_SILVER,QC_1,3948,3948,3983,0,0,,0,11,D03_S3
F_HEAT-17,heat,F_HEAT,HT_1,3984,3984,4464,0,0,,0,0,
F_HEAT-18,heat,F_HEAT,HT_2,3992,3992,4472,0,0,,0,0,
F_MACH-20,machining,F_MACH,CNC_1,3994,3994,4142,0,0,,0,11,D03_S3
F_SILVER_PAINT-15,paint,F_SILVER_PAINT,PAINT_1,3998,3998,4038,0,0,,0,11,D03_S3
F_MACH-21,machining,F_MACH,CNC_2,4002,4002,4170,0,0,,0,11,D03_S3
F_BLACK_PAINT-01,paint,F_BLACK_PAINT,PAINT_1,4152,4164,4204,12,0,,0,11,D03_S3
L018,qc,F_SILVER,QC_1,4158,4158,4193,0,0,,0,11,D03_S3
F_BLACK_PAINT-02,paint,F_BLACK_PAINT,PAINT_1,4204,4204,4244,0,0,,0,11,D03_S3
L019,qc,F_BLACK,QC_1,4324,4328,4363,4,0,,0,12,D04_S1
L020,qc,F_BLACK,QC_1,4364,4364,4399,0,0,,0,12,D04_S1
F_HEAT-19,heat,F_HEAT,HT_1,4464,4464,4944,0,0,,0,0,
F_HEAT-20,heat,F_HEAT,HT_2,4472,4472,4952,0,0,,0,0,
F_MACH-22,machining,F_MACH,CNC_1,4474,4474,4622,0,0,,0,12,D04_S1
F_MACH-23,machining,F_MACH,CNC_2,4482,4482,4650,0,0,,0,12,D04_S1
F_MACH-24,machining,F_MACH,CNC_1,4622,4622,4770,0,0,,0,12,D04_S1
F_BLACK_PAINT-03,paint,F_BLACK_PAINT,PAINT_1,4632,4632,4672,0,0,,0,12,D04_S1
L021,qc,F_BLACK,QC_1,4800,4800,4835,0,0,,0,13,D04_S2
F_BLACK_PAINT-04,paint,F_BLACK_PAINT,PAINT_1,4800,4800,4840,0,0,,0,13,D04_S2
F_HEAT-21,heat,F_HEAT,HT_1,4944,4944,5424,0,0,,0,0,
R_HEAT-01,heat,R_HEAT,HT_2,4952,4952,5432,0,0,,0,0,
L022,qc,F_BLACK,QC_1,4960,4960,4995,0,0,,0,13,D04_S2
L023,qc,F_BLACK,QC_1,4995,4995,5030,0,0,,0,13,D04_S2
F_MACH-25,machining,F_MACH,CNC_1,5070,5070,5218,0,0,,0,14,D04_S2
F_MACH-26,machining,F_MACH,CNC_2,5070,5070,5238,0,0,,0,13,D04_S2
F_BLACK_PAINT-05,paint,F_BLACK_PAINT,PAINT_1,5228,5228,5268,0,0,,0,14,D04_S2
F_BLACK_PAINT-06,paint,F_BLACK_PAINT,PAINT_1,5280,5280,5320,0,0,,0,15,D04_S3
L024,qc,F_BLACK,QC_1,5388,5388,5423,0,0,,0,15,D04_S3
R_HEAT-02,heat,R_HEAT,HT_1,5424,5424,5904,0,0,,0,0,
R_HEAT-03,heat,R_HEAT,HT_2,5432,5432,5912,0,0,,0,0,
F_MACH-27,machining,F_MACH,CNC_1,5434,5434,5582,0,0,,0,15,D04_S3
L025,qc,F_BLACK,QC_1,5440,5440,5475,0,0,,0,15,D04_S3
R_MACH-02,machining,R_MACH,CNC_2,5442,5460,5628,18,0,,0,14,D04_S3
F_BLACK_PAINT-07,paint,F_BLACK_PAINT,PAINT_1,5592,5592,5632,0,0,,0,15,D04_S3
L026,qc,F_BLACK,QC_1,5760,5760,5795,0,0,,0,16,D05_S1
R_HEAT-04,heat,R_HEAT,HT_1,5904,5904,6384,0,0,,0,0,
R_HEAT-05,heat,R_HEAT,HT_2,5912,5912,6392,0,0,,0,0,
R_MACH-03,machining,R_MACH,CNC_1,5914,5932,6080,18,0,,0,16,D05_S1
R_MACH-04,machining,R_MACH,CNC_2,5922,5922,6090,0,0,,0,15,D05_S1
R_BLACK_PAINT-02,paint,R_BLACK_PAINT,PAINT_1,6090,6090,6130,0,0,,0,16,D05_S1
R_BLACK_PAINT-03,paint,R_BLACK_PAINT,PAINT_1,6130,6130,6170,0,0,,0,16,D05_S1
L041,qc,R_BLACK,QC_1,6250,6254,6289,4,0,,0,17,D05_S2
L042,qc,R_BLACK,QC_1,6290,6290,6325,0,0,,0,17,D05_S2
R_HEAT-06,heat,R_HEAT,HT_1,6384,6384,6864,0,0,,0,0,
R_HEAT-07,heat,R_HEAT,HT_2,6392,6392,6872,0,0,,0,0,
R_MACH-05,machining,R_MACH,CNC_1,6510,6510,6658,0,0,,0,18,D05_S2
R_MACH-06,machining,R_MACH,CNC_2,6510,6510,6678,0,0,,0,17,D05_S2
R_BLACK_PAINT-04,paint,R_BLACK_PAINT,PAINT_1,6668,6668,6708,0,0,,0,18,D05_S2
R_BLACK_PAINT-05,paint,R_BLACK_PAINT,PAINT_1,6720,6720,6760,0,0,,0,19,D05_S3
R_MACH-07,machining,R_MACH,CNC_1,6720,6720,6868,0,0,,0,19,D05_S3
L043,qc,R_BLACK,QC_1,6828,6828,6863,0,0,,0,19,D05_S3
L044,qc,R_BLACK,QC_1,6863,6863,6898,0,0,,0,19,D05_S3
R_HEAT-08,heat,R_HEAT,HT_1,6864,6864,7344,0,0,,0,0,
R_HEAT-09,heat,R_HEAT,HT_2,6872,6872,7352,0,0,,0,0,
R_MACH-08,machining,R_MACH,CNC_1,6874,6874,7022,0,0,,0,19,D05_S3
R_MACH-09,machining,R_MACH,CNC_2,6882,6882,7050,0,0,,0,18,D05_S3
L045,qc,R_BLACK,QC_1,6898,6898,6933,0,0,,0,19,D05_S3
R_BLACK_PAINT-06,paint,R_BLACK_PAINT,PAINT_1,7032,7032,7072,0,0,,0,19,D05_S3
R_BLACK_PAINT-07,paint,R_BLACK_PAINT,PAINT_1,7072,7072,7112,0,0,,0,19,D05_S3
L046,qc,R_BLACK,QC_1,7200,7200,7235,0,0,,0,20,D06_S1
L047,qc,R_BLACK,QC_1,7235,7235,7270,0,0,,0,20,D06_S1
R_HEAT-10,heat,R_HEAT,HT_1,7344,7344,7824,0,0,,0,0,
R_HEAT-11,heat,R_HEAT,HT_2,7352,7352,7832,0,0,,0,0,
R_MACH-10,machining,R_MACH,CNC_1,7354,7354,7502,0,0,,0,20,D06_S1
R_MACH-11,machining,R_MACH,CNC_2,7362,7362,7530,0,0,,0,19,D06_S1
R_MACH-12,machining,R_MACH,CNC_1,7502,7502,7650,0,0,,0,20,D06_S1
R_BLACK_PAINT-08,paint,R_BLACK_PAINT,PAINT_1,7512,7512,7552,0,0,,0,20,D06_S1
R_SILVER_PAINT-01,paint,R_SILVER_PAINT,PAINT_1,7552,7576,7616,24,0,,0,20,D06_S1
L048,qc,R_BLACK,QC_1,7680,7680,7715,0,0,,0,21,D06_S2
L027,qc,R_SILVER,QC_1,7736,7740,7775,4,0,,0,21,D06_S2
R_HEAT-12,heat,R_HEAT,HT_1,7824,7824,8304,0,0,,0,0,
R_HEAT-13,heat,R_HEAT,HT_2,7832,7832,8312,0,0,,0,0,
R_MACH-13,machining,R_MACH,CNC_1,7950,7950,8098,0,0,,0,22,D06_S2
R_MACH-14,machining,R_MACH,CNC_2,7950,7950,8118,0,0,,0,21,D06_S2
R_SILVER_PAINT-02,paint,R_SILVER_PAINT,PAINT_1,8108,8108,8148,0,0,,0,22,D06_S2
R_SILVER_PAINT-03,paint,R_SILVER_PAINT,PAINT_1,8160,8160,8200,0,0,,0,23,D06_S3
L028,qc,R_SILVER,QC_1,8268,8268,8303,0,0,,0,23,D06_S3
R_MACH-15,machining,R_MACH,CNC_1,8314,8314,8462,0,0,,0,23,D06_S3
L029,qc,R_SILVER,QC_1,8320,8320,8355,0,0,,0,23,D06_S3
R_MACH-16,machining,R_MACH,CNC_2,8322,8322,8490,0,0,,0,22,D06_S3
L030,qc,R_SILVER,QC_1,8355,8355,8390,0,0,,0,23,D06_S3
R_SILVER_PAINT-04,paint,R_SILVER_PAINT,PAINT_1,8472,8472,8512,0,0,,0,23,D06_S3
R_SILVER_PAINT-05,paint,R_SILVER_PAINT,PAINT_1,8512,8512,8552,0,0,,0,23,D06_S3
L031,qc,R_SILVER,QC_1,10080,10080,10115,0,0,,0,24,D08_S1
R_HEAT-14,heat,R_HEAT,HT_1,10080,10080,10560,0,0,,0,1,
R_HEAT-15,heat,R_HEAT,HT_2,10080,10080,10560,0,0,,0,1,
L032,qc,R_SILVER,QC_1,10115,10115,10150,0,0,,0,24,D08_S1
R_HEAT-16,heat,R_HEAT,HT_1,10560,10560,11040,0,0,,0,1,
R_HEAT-17,heat,R_HEAT,HT_2,10560,10560,11040,0,0,,0,1,
R_MACH-17,machining,R_MACH,CNC_1,10570,10570,10718,0,0,,0,25,D08_S2
R_MACH-18,machining,R_MACH,CNC_2,10570,10570,10738,0,0,,0,24,D08_S2
R_SILVER_PAINT-06,paint,R_SILVER_PAINT,PAINT_1,10748,10748,10788,0,0,,0,25,D08_S2
R_MACH-19,machining,R_MACH,CNC_1,10830,10830,10978,0,0,,0,26,D08_S2
L033,qc,R_SILVER,QC_1,10908,10908,10943,0,0,,0,26,D08_S2
R_SILVER_PAINT-07,paint,R_SILVER_PAINT,PAINT_1,10988,10988,11028,0,0,,0,26,D08_S2
R_HEAT-18,heat,R_HEAT,HT_1,11040,11040,11520,0,0,,0,1,
R_HEAT-19,heat,R_HEAT,HT_2,11040,11040,11520,0,0,,0,1,
R_MACH-20,machining,R_MACH,CNC_1,11050,11050,11198,0,0,,0,27,D08_S3
R_MACH-21,machining,R_MACH,CNC_2,11050,11050,11218,0,0,,0,26,D08_S3
L034,qc,R_SILVER,QC_1,11148,11148,11183,0,0,,0,27,D08_S3
L035,qc,R_SILVER,QC_1,11183,11183,11218,0,0,,0,27,D08_S3
R_SILVER_PAINT-08,paint,R_SILVER_PAINT,PAINT_1,11208,11208,11248,0,0,,0,27,D08_S3
R_SILVER_PAINT-09,paint,R_SILVER_PAINT,PAINT_1,11248,11248,11288,0,0,,0,27,D08_S3
L036,qc,R_SILVER,QC_1,11368,11368,11403,0,0,,0,27,D08_S3
L037,qc,R_SILVER,QC_1,11408,11408,11443,0,0,,0,27,D08_S3
R_MACH-22,machining,R_MACH,CNC_1,11530,11530,11678,0,0,,0,28,D09_S1
R_MACH-23,machining,R_MACH,CNC_2,11530,11530,11698,0,0,,0,27,D09_S1
R_MACH-24,machining,R_MACH,CNC_1,11678,11678,11826,0,0,,0,28,D09_S1
R_SILVER_PAINT-10,paint,R_SILVER_PAINT,PAINT_1,11708,11708,11748,0,0,,0,28,D09_S1
R_SILVER_PAINT-11,paint,R_SILVER_PAINT,PAINT_1,11836,11836,11876,0,0,,0,28,D09_S1
L038,qc,R_SILVER,QC_1,11868,11868,11903,0,0,,0,28,D09_S1
L039,qc,R_SILVER,QC_1,12000,12000,12035,0,0,,0,29,D09_S2
