time,kind,source,product,delta,inventory
992,QC,L001,F_SILVER,84,102
1047,QC,L002,F_SILVER,72,174
1047,SHIP,O001,F_SILVER,-164,10
1279,QC,L008,F_SILVER,96,106
1279,SHIP,O006,F_SILVER,-92,14
1875,QC,L003,R_BLACK,96,114
1875,SHIP,O002,R_BLACK,-104,10
1926,QC,L004,R_SILVER,60,78
1926,SHIP,O003,R_SILVER,-68,10
2001,QC,L007,F_BLACK,96,114
2001,SHIP,O005,F_BLACK,-92,22
2117,QC,L005,F_BLACK,60,82
2164,QC,L006,F_BLACK,60,142
2164,SHIP,O004,F_BLACK,-128,14
2211,QC,L013,F_BLACK,60,74
2331,QC,L009,R_BLACK,60,70
2444,QC,L011,R_SILVER,72,82
2444,SHIP,O008,R_SILVER,-68,14
2601,QC,L014,F_BLACK,60,134
2601,SHIP,O010,F_BLACK,-116,18
2718,QC,L010,R_BLACK,84,154
2718,SHIP,O007,R_BLACK,-140,14
3287,QC,L016,R_BLACK,60,74
3287,SHIP,O012,R_BLACK,-56,18
3420,QC,L012,R_SILVER,84,98
3420,SHIP,O009,R_SILVER,-80,18
3569,QC,L015,F_SILVER,72,86
3569,SHIP,O011,F_SILVER,-68,18
3871,QC,L024,R_BLACK,72,90
3871,SHIP,O018,R_BLACK,-68,22
3946,QC,L023,F_SILVER,96,114
3946,SHIP,O017,F_SILVER,-92,22
4041,QC,L020,F_BLACK,60,78
4041,SHIP,O015,F_BLACK,-56,22
4739,QC,L021,F_SILVER,72,94
4816,QC,L022,F_SILVER,72,166
4816,SHIP,O016,F_SILVER,-140,26
5123,QC,L019,R_SILVER,96,114
5123,SHIP,O014,R_SILVER,-92,22
5211,QC,L029,F_SILVER,60,86
5278,QC,L017,R_BLACK,84,106
5329,QC,L030,F_SILVER,60,146
5329,SHIP,O022,F_SILVER,-116,30
5598,QC,L018,R_BLACK,84,190
5598,SHIP,O013,R_BLACK,-164,26
6187,QC,L027,F_BLACK,84,106
6187,SHIP,O020,F_BLACK,-80,26
6289,QC,L028,F_BLACK,96,122
6289,SHIP,O021,F_BLACK,-92,30
6348,QC,L032,R_SILVER,72,94
6348,SHIP,O024,R_SILVER,-68,26
6445,QC,L026,R_SILVER,72,98
6573,QC,L025,R_SILVER,96,194
6573,SHIP,O019,R_SILVER,-164,30
6740,QC,L035,F_BLACK,72,102
6740,SHIP,O026,F_BLACK,-68,34
6791,QC,L036,F_SILVER,60,90
6791,SHIP,O027,F_SILVER,-56,34
6921,QC,L031,R_BLACK,60,86
6921,SHIP,O023,R_BLACK,-56,30
7039,QC,L040,R_SILVER,84,114
7039,SHIP,O030,R_SILVER,-80,34
10605,QC,L033,R_SILVER,84,118
10781,QC,L034,R_SILVER,96,214
10781,SHIP,O025,R_SILVER,-176,38
10842,QC,L043,F_SILVER,60,94
10842,SHIP,O032,F_SILVER,-56,38
10901,QC,L039,R_BLACK,72,102
10901,SHIP,O029,R_BLACK,-68,34
10967,QC,L037,R_BLACK,60,94
11043,QC,L048,F_BLACK,60,94
11043,SHIP,O036,F_BLACK,-56,38
11249,QC,L038,R_BLACK,72,166
11249,SHIP,O028,R_BLACK,-128,38
11300,QC,L044,F_SILVER,60,98
11300,SHIP,O033,F_SILVER,-56,42
11931,QC,L045,R_BLACK,60,98
12053,QC,L041,F_BLACK,96,134
12201,QC,L046,R_BLACK,60,158
12201,SHIP,O034,R_BLACK,-116,42
12323,QC,L042,F_BLACK,96,230
12323,SHIP,O031,F_BLACK,-188,42
12529,QC,L047,R_SILVER,84,122
12529,SHIP,O035,R_SILVER,-80,42
