order,product,time,quantity,due,tardiness,priority
O001,F_SILVER,1047,164,2760,0,2
O002,R_BLACK,2723,104,4200,0,2
O003,R_SILVER,3291,68,4200,0,1
O004,F_BLACK,4799,128,5640,0,1
O005,F_BLACK,1985,92,2760,0,1
O006,F_SILVER,1279,92,2760,0,2
O007,R_BLACK,4053,140,5640,0,2
O008,R_SILVER,2431,68,3720,0,4
O009,R_SILVER,5119,80,5640,0,1
O010,F_BLACK,3389,116,4200,0,1
O011,F_SILVER,3569,68,4200,0,1
O012,R_BLACK,4100,56,5640,0,2
O013,R_BLACK,10605,164,11400,0,1
O014,R_SILVER,6675,92,11400,0,2
O015,F_BLACK,5633,56,7080,0,1
O016,F_SILVER,5296,140,5640,0,1
O017,F_SILVER,3903,92,5160,0,4
O018,R_BLACK,5582,68,7080,0,2
O019,R_SILVER,11148,164,12840,0,2
O020,F_BLACK,6183,80,7080,0,1
O021,F_BLACK,10680,92,11400,0,1
O022,F_SILVER,6773,116,11400,0,2
O023,R_BLACK,10761,56,11400,0,1
O024,R_SILVER,6284,68,7080,0,1
O025,R_SILVER,12431,176,12840,0,1
O026,F_BLACK,6541,68,10920,0,4
O027,F_SILVER,11241,56,12840,0,2
O028,R_BLACK,12685,128,12840,0,1
O029,R_BLACK,11342,68,12840,0,2
O030,R_SILVER,12049,80,12840,0,2
O031,F_BLACK,13736,188,15720,0,1
O032,F_SILVER,10857,56,12360,0,4
O033,F_SILVER,12736,56,15720,0,2
O034,R_BLACK,13558,116,15720,0,2
O035,R_SILVER,13867,80,15720,0,1
O036,F_BLACK,12100,56,12840,0,2
