lot,stage,machine,block_start,start,end,setup_minutes,maintenance_minutes,cycles_after,mold,window,shift
L001,cast,CAST_F,360,360,454,0,0,137,MOLD_F,0,D01_S1
L001,cnc,CNC_1,630,630,777,0,0,0,,1,D01_S1
L001,paint,PAINT_1,840,840,929,0,0,0,,2,D01_S2
L001,qc,QC_1,929,929,992,0,0,0,,2,D01_S2
L002,cast,CAST_F,454,515,596,16,45,36,MOLD_F,0,D01_S1
L002,cnc,CNC_2,630,630,772,0,0,0,,1,D01_S1
L002,paint,PAINT_2,840,840,932,0,0,0,,2,D01_S2
L002,qc,QC_1,992,992,1047,0,0,0,,2,D01_S2
L008,cast,CAST_F,630,630,736,0,0,84,MOLD_F,1,D01_S1
L008,cnc,CNC_1,840,840,1007,0,0,0,,2,D01_S2
L008,paint,PAINT_1,1110,1110,1208,0,0,0,,3,D01_S2
L008,qc,QC_1,1208,1208,1279,0,0,0,,3,D01_S2
L007,cast,CAST_F,840,852,958,12,0,132,MOLD_F,2,D01_S2
L007,cnc,CNC_1,1110,1128,1295,18,0,0,,3,D01_S2
L007,paint,PAINT_1,1800,1812,1910,12,0,0,,4,D02_S1
L007,qc,QC_1,1910,1914,1985,4,0,0,,4,D02_S1
L011,cast,CAST_R,1800,1861,1953,16,45,36,MOLD_R,4,D02_S1
L011,cnc,CNC_1,2070,2088,2215,18,0,0,,5,D02_S1
L011,paint,PAINT_2,2280,2280,2372,0,0,0,,6,D02_S2
L011,qc,QC_1,2372,2376,2431,4,0,0,,6,D02_S2
L003,cast,CAST_R,2070,2082,2203,12,0,84,MOLD_R,5,D02_S1
L003,cnc,CNC_2,2280,2298,2484,18,0,0,,6,D02_S2
L003,paint,PAINT_1,2550,2550,2648,0,0,0,,7,D02_S2
L003,qc,QC_1,2648,2652,2723,4,0,0,,7,D02_S2
L004,cast,CAST_R,2280,2292,2369,12,0,114,MOLD_R,6,D02_S2
L004,cnc,CNC_1,2369,2369,2476,0,0,0,,6,D02_S2
L004,paint,PAINT_2,2550,2550,2631,0,0,0,,7,D02_S2
L004,qc,QC_1,3240,3244,3291,4,0,0,,8,D03_S1
L013,cast,CAST_F,1800,1861,1929,16,45,30,MOLD_F,4,D02_S1
L013,cnc,CNC_1,2550,2568,2675,18,0,0,,7,D02_S2
L013,paint,PAINT_1,2675,2675,2747,0,0,0,,7,D02_S2
L013,qc,QC_1,3291,3295,3342,4,0,0,,8,D03_S1
L014,cast,CAST_F,1929,1929,1997,0,0,60,MOLD_F,4,D02_S1
L014,cnc,CNC_2,2550,2568,2687,18,0,0,,7,D02_S2
L014,paint,PAINT_1,3240,3240,3312,0,0,0,,8,D03_S1
L014,qc,QC_1,3342,3342,3389,0,0,0,,8,D03_S1
L015,cast,CAST_F,2070,2082,2163,12,0,96,MOLD_F,5,D02_S1
L015,cnc,CNC_1,3240,3258,3385,18,0,0,,8,D03_S1
L015,paint,PAINT_2,3385,3385,3477,0,0,0,,8,D03_S1
L015,qc,QC_1,3510,3514,3569,4,0,0,,9,D03_S1
L023,cast,CAST_F,3240,3301,3407,16,45,48,MOLD_F,8,D03_S1
L023,cnc,CNC_1,3510,3510,3677,0,0,0,,9,D03_S1
L023,paint,PAINT_2,3720,3720,3832,0,0,0,,10,D03_S2
L023,qc,QC_1,3832,3832,3903,0,0,0,,10,D03_S2
L009,cast,CAST_R,2369,2430,2507,16,45,30,MOLD_R,6,D02_S2
L009,cnc,CNC_2,3240,3258,3377,18,0,0,,8,D03_S1
L009,paint,PAINT_1,3377,3377,3449,0,0,0,,8,D03_S1
L009,qc,QC_1,3903,3907,3954,4,0,0,,10,D03_S2
L010,cast,CAST_R,2550,2550,2656,0,0,72,MOLD_R,7,D02_S2
L010,cnc,CNC_2,3510,3510,3674,0,0,0,,9,D03_S1
L010,paint,PAINT_1,3720,3720,3809,0,0,0,,10,D03_S2
L010,qc,QC_1,3990,3990,4053,0,0,0,,11,D03_S2
L016,cast,CAST_R,2656,2656,2733,0,0,102,MOLD_R,7,D02_S2
L016,cnc,CNC_2,3720,3720,3839,0,0,0,,10,D03_S2
L016,paint,PAINT_1,3839,3839,3911,0,0,0,,10,D03_S2
L016,qc,QC_1,4053,4053,4100,0,0,0,,11,D03_S2
L005,cast,CAST_F,3510,3522,3590,12,0,78,MOLD_F,9,D03_S1
L005,cnc,CNC_1,3990,4008,4115,18,0,0,,11,D03_S2
L005,paint,PAINT_1,4115,4115,4187,0,0,0,,11,D03_S2
L005,qc,QC_1,4680,4684,4731,4,0,0,,12,D04_S1
L006,cast,CAST_F,3590,3590,3658,0,0,108,MOLD_F,9,D03_S1
L006,cnc,CNC_2,3990,4008,4127,18,0,0,,11,D03_S2
L006,paint,PAINT_1,4680,4680,4752,0,0,0,,12,D04_S1
L006,qc,QC_1,4752,4752,4799,0,0,0,,12,D04_S1
L012,cast,CAST_R,3240,3301,3407,16,45,42,MOLD_R,8,D03_S1
L012,cnc,CNC_1,4680,4698,4845,18,0,0,,12,D04_S1
L012,paint,PAINT_2,4950,4950,5052,0,0,0,,13,D04_S1
L012,qc,QC_1,5052,5056,5119,4,0,0,,13,D04_S1
L021,cast,CAST_F,3720,3781,3862,16,45,36,MOLD_F,10,D03_S2
L021,cnc,CNC_2,4680,4698,4840,18,0,0,,12,D04_S1
L021,paint,PAINT_1,4950,4974,5055,24,0,0,,13,D04_S1
L021,qc,QC_1,5160,5164,5219,4,0,0,,14,D04_S2
L022,cast,CAST_F,3862,3862,3943,0,0,72,MOLD_F,10,D03_S2
L022,cnc,CNC_2,4950,4950,5092,0,0,0,,13,D04_S1
L022,paint,PAINT_1,5160,5160,5241,0,0,0,,14,D04_S2
L022,qc,QC_1,5241,5241,5296,0,0,0,,14,D04_S2
L024,cast,CAST_R,3510,3522,3614,12,0,78,MOLD_R,9,D03_S1
L024,cnc,CNC_2,5160,5178,5320,18,0,0,,14,D04_S2
L024,paint,PAINT_1,5430,5442,5523,12,0,0,,15,D04_S2
L024,qc,QC_1,5523,5527,5582,4,0,0,,15,D04_S2
L020,cast,CAST_F,3990,4002,4070,12,0,102,MOLD_F,11,D03_S2
L020,cnc,CNC_1,4950,4968,5075,18,0,0,,13,D04_S1
L020,paint,PAINT_2,5160,5172,5253,12,0,0,,14,D04_S2
L020,qc,QC_1,5582,5586,5633,4,0,0,,15,D04_S2
L027,cast,CAST_F,4680,4741,4835,16,45,42,MOLD_F,12,D04_S1
L027,cnc,CNC_1,5160,5160,5307,0,0,0,,14,D04_S2
L027,paint,PAINT_2,5430,5430,5532,0,0,0,,15,D04_S2
L027,qc,QC_1,6120,6120,6183,0,0,0,,16,D05_S1
L032,cast,CAST_R,4680,4692,4784,12,0,114,MOLD_R,12,D04_S1
L032,cnc,CNC_1,5430,5448,5575,18,0,0,,15,D04_S2
L032,paint,PAINT_1,6120,6144,6225,24,0,0,,16,D05_S1
L032,qc,QC_1,6225,6229,6284,4,0,0,,16,D05_S1
L035,cast,CAST_F,6120,6120,6201,0,0,78,MOLD_F,16,D05_S1
L035,cnc,CNC_1,6201,6219,6346,18,0,0,,16,D05_S1
L035,paint,PAINT_2,6390,6390,6482,0,0,0,,17,D05_S1
L035,qc,QC_1,6482,6486,6541,4,0,0,,17,D05_S1
L019,cast,CAST_R,4950,5011,5132,16,45,48,MOLD_R,13,D04_S1
L019,cnc,CNC_2,5430,5448,5634,18,0,0,,15,D04_S2
L019,paint,PAINT_1,6225,6225,6323,0,0,0,,16,D05_S1
L019,qc,QC_1,6600,6604,6675,4,0,0,,18,D05_S2
L029,cast,CAST_F,6201,6213,6281,12,0,108,MOLD_F,16,D05_S1
L029,cnc,CNC_1,6390,6408,6515,18,0,0,,17,D05_S1
L029,paint,PAINT_1,6515,6515,6587,0,0,0,,17,D05_S1
L029,qc,QC_1,6675,6679,6726,4,0,0,,18,D05_S2
L030,cast,CAST_F,6281,6281,6349,0,0,138,MOLD_F,16,D05_S1
L030,cnc,CNC_2,6390,6408,6527,18,0,0,,17,D05_S1
L030,paint,PAINT_1,6600,6600,6672,0,0,0,,18,D05_S2
L030,qc,QC_1,6726,6726,6773,0,0,0,,18,D05_S2
L017,cast,CAST_R,5160,5172,5278,12,0,90,MOLD_R,14,D04_S2
L017,cnc,CNC_2,6600,6618,6782,18,0,0,,18,D05_S2
L017,paint,PAINT_1,6870,6882,6971,12,0,0,,19,D05_S2
L017,qc,QC_1,6971,6975,7038,4,0,0,,19,D05_S2
L018,cast,CAST_R,5278,5278,5384,0,0,132,MOLD_R,14,D04_S2
L018,cnc,CNC_2,6870,6870,7034,0,0,0,,19,D05_S2
L018,paint,PAINT_2,10440,10440,10542,0,0,0,,20,D08_S1
L018,qc,QC_1,10542,10542,10605,0,0,0,,20,D08_S1
L028,cast,CAST_F,6390,6451,6557,16,45,48,MOLD_F,17,D05_S1
L028,cnc,CNC_1,6600,6618,6785,18,0,0,,18,D05_S2
L028,paint,PAINT_1,6971,6971,7069,0,0,0,,19,D05_S2
L028,qc,QC_1,10605,10609,10680,4,0,0,,20,D08_S1
L031,cast,CAST_R,5430,5491,5568,16,45,30,MOLD_R,15,D04_S2
L031,cnc,CNC_2,10440,10440,10559,0,0,0,,20,D08_S1
L031,paint,PAINT_2,10559,10559,10640,0,0,0,,20,D08_S1
L031,qc,QC_1,10710,10714,10761,4,0,0,,21,D08_S1
L043,cast,CAST_F,10440,10452,10520,12,0,78,MOLD_F,20,D08_S1
L043,cnc,CNC_1,10520,10538,10645,18,0,0,,20,D08_S1
L043,paint,PAINT_1,10710,10734,10806,24,0,0,,20,D08_S1
L043,qc,QC_1,10806,10810,10857,4,0,0,,21,D08_S1
L025,cast,CAST_R,6120,6132,6253,12,0,78,MOLD_R,16,D05_S1
L025,cnc,CNC_1,10710,10728,10895,18,0,0,,21,D08_S1
L025,paint,PAINT_1,10920,10920,11018,0,0,0,,21,D08_S2
L025,qc,QC_1,11018,11022,11093,4,0,0,,22,D08_S2
L026,cast,CAST_R,6253,6253,6345,0,0,114,MOLD_R,16,D05_S1
L026,cnc,CNC_2,10710,10728,10870,18,0,0,,21,D08_S1
L026,paint,PAINT_2,10920,10944,11036,24,0,0,,22,D08_S2
L026,qc,QC_1,11093,11093,11148,0,0,0,,22,D08_S2
L036,cast,CAST_F,10520,10520,10588,0,0,108,MOLD_F,20,D08_S1
L036,cnc,CNC_1,10920,10938,11045,18,0,0,,22,D08_S2
L036,paint,PAINT_1,11045,11045,11117,0,0,0,,21,D08_S2
L036,qc,QC_1,11190,11194,11241,4,0,0,,23,D08_S2
L039,cast,CAST_R,6390,6451,6543,16,45,36,MOLD_R,17,D05_S1
L039,cnc,CNC_2,10920,10938,11080,18,0,0,,22,D08_S2
L039,paint,PAINT_1,11190,11202,11283,12,0,0,,22,D08_S2
L039,qc,QC_1,11283,11287,11342,4,0,0,,23,D08_S2
L040,cast,CAST_R,6600,6612,6718,12,0,78,MOLD_R,18,D05_S2
L040,cnc,CNC_1,11190,11208,11355,18,0,0,,23,D08_S2
L040,paint,PAINT_2,11880,11880,11982,0,0,0,,24,D09_S1
L040,qc,QC_1,11982,11986,12049,4,0,0,,24,D09_S1
L048,cast,CAST_F,10588,10600,10668,12,0,138,MOLD_F,20,D08_S1
L048,cnc,CNC_2,11190,11208,11327,18,0,0,,23,D08_S2
L048,paint,PAINT_1,11327,11327,11399,0,0,0,,22,D08_S2
L048,qc,QC_1,12049,12053,12100,4,0,0,,24,D09_S1
L033,cast,CAST_R,6718,6718,6824,0,0,120,MOLD_R,18,D05_S2
L033,cnc,CNC_1,11880,11880,12027,0,0,0,,24,D09_S1
L033,paint,PAINT_2,12150,12150,12252,0,0,0,,25,D09_S1
L033,qc,QC_1,12252,12256,12319,4,0,0,,25,D09_S1
L034,cast,CAST_R,6870,6931,7052,16,45,48,MOLD_R,19,D05_S2
L034,cnc,CNC_2,11880,11898,12084,18,0,0,,24,D09_S1
L034,paint,PAINT_1,12150,12174,12272,24,0,0,,24,D09_S1
L034,qc,QC_1,12360,12360,12431,0,0,0,,26,D09_S2
L037,cast,CAST_R,10440,10452,10529,12,0,78,MOLD_R,20,D08_S1
L037,cnc,CNC_2,12150,12168,12287,18,0,0,,25,D09_S1
L037,paint,PAINT_1,12360,12372,12444,12,0,0,,25,D09_S2
L037,qc,QC_1,12444,12448,12495,4,0,0,,26,D09_S2
L038,cast,CAST_R,10529,10529,10621,0,0,114,MOLD_R,20,D08_S1
L038,cnc,CNC_2,12360,12360,12502,0,0,0,,26,D09_S2
L038,paint,PAINT_1,12502,12502,12583,0,0,0,,25,D09_S2
L038,qc,QC_1,12630,12630,12685,0,0,0,,27,D09_S2
L044,cast,CAST_F,10710,10771,10839,16,45,30,MOLD_F,21,D08_S1
L044,cnc,CNC_1,12150,12168,12275,18,0,0,,25,D09_S1
L044,paint,PAINT_2,12275,12275,12356,0,0,0,,25,D09_S1
L044,qc,QC_1,12685,12689,12736,4,0,0,,27,D09_S2
L045,cast,CAST_R,10710,10771,10848,16,45,30,MOLD_R,21,D08_S1
L045,cnc,CNC_2,12630,12630,12749,0,0,0,,27,D09_S2
L045,paint,PAINT_1,12749,12749,12821,0,0,0,,26,D09_S2
L045,qc,QC_1,13320,13324,13371,4,0,0,,28,D10_S1
L046,cast,CAST_R,10920,10920,10997,0,0,60,MOLD_R,22,D08_S2
L046,cnc,CNC_2,13320,13320,13439,0,0,0,,28,D10_S1
L046,paint,PAINT_1,13439,13439,13511,0,0,0,,27,D10_S1
L046,qc,QC_1,13511,13511,13558,0,0,0,,28,D10_S1
L041,cast,CAST_F,10920,10932,11038,12,0,78,MOLD_F,22,D08_S2
L041,cnc,CNC_1,12360,12378,12545,18,0,0,,26,D09_S2
L041,paint,PAINT_2,12630,12642,12754,12,0,0,,27,D09_S2
L041,qc,QC_1,13590,13594,13665,4,0,0,,29,D10_S1
L042,cast,CAST_F,11038,11038,11144,0,0,126,MOLD_F,22,D08_S2
L042,cnc,CNC_1,12630,12630,12797,0,0,0,,27,D09_S2
L042,paint,PAINT_2,13320,13320,13432,0,0,0,,28,D10_S1
L042,qc,QC_1,13665,13665,13736,0,0,0,,29,D10_S1
L047,cast,CAST_R,10997,11009,11115,12,0,102,MOLD_R,22,D08_S2
L047,cnc,CNC_1,13320,13338,13485,18,0,0,,28,D10_S1
L047,paint,PAINT_1,13590,13614,13703,24,0,0,,28,D10_S1
L047,qc,QC_1,13800,13804,13867,4,0,0,,30,D10_S2
